{
    "name": "South Sudan",
    "altSpellings": ["SS"],
    "area": 619745,
    "borders": ["CAF", "COD", "ETH", "KEN", "SDN", "UGA"],
    "callingCodes": ["211"],
    "capital": "Juba",
    "currencies": ["SSP"],
    "demonym": "South Sudanese",
    "flag": "",
    "geoJSON": {
        "type": "FeatureCollection",
        "features": [{
            "type": "Feature",
            "id": "SSD",
            "properties": {
                "name": "South Sudan"
            },
            "geometry": {
                "type": "Polygon",
                "coordinates": [
                    [
                        [33.963393, 9.464285],
                        [33.97498, 8.68456],
                        [33.8255, 8.37916],
                        [33.2948, 8.35458],
                        [32.95418, 7.78497],
                        [33.56829, 7.71334],
                        [34.0751, 7.22595],
                        [34.25032, 6.82607],
                        [34.70702, 6.59422],
                        [35.298007, 5.506],
                        [34.620196, 4.847123],
                        [34.005, 4.249885],
                        [33.39, 3.79],
                        [32.68642, 3.79232],
                        [31.88145, 3.55827],
                        [31.24556, 3.7819],
                        [30.83385, 3.50917],
                        [29.95349, 4.1737],
                        [29.715995, 4.600805],
                        [29.159078, 4.389267],
                        [28.696678, 4.455077],
                        [28.428994, 4.287155],
                        [27.979977, 4.408413],
                        [27.374226, 5.233944],
                        [27.213409, 5.550953],
                        [26.465909, 5.946717],
                        [26.213418, 6.546603],
                        [25.796648, 6.979316],
                        [25.124131, 7.500085],
                        [25.114932, 7.825104],
                        [24.567369, 8.229188],
                        [23.88698, 8.61973],
                        [24.194068, 8.728696],
                        [24.537415, 8.917538],
                        [24.794926, 9.810241],
                        [25.069604, 10.27376],
                        [25.790633, 10.411099],
                        [25.962307, 10.136421],
                        [26.477328, 9.55273],
                        [26.752006, 9.466893],
                        [27.112521, 9.638567],
                        [27.833551, 9.604232],
                        [27.97089, 9.398224],
                        [28.966597, 9.398224],
                        [29.000932, 9.604232],
                        [29.515953, 9.793074],
                        [29.618957, 10.084919],
                        [29.996639, 10.290927],
                        [30.837841, 9.707237],
                        [31.352862, 9.810241],
                        [31.850716, 10.531271],
                        [32.400072, 11.080626],
                        [32.314235, 11.681484],
                        [32.073892, 11.97333],
                        [32.67475, 12.024832],
                        [32.743419, 12.248008],
                        [33.206938, 12.179338],
                        [33.086766, 11.441141],
                        [33.206938, 10.720112],
                        [33.721959, 10.325262],
                        [33.842131, 9.981915],
                        [33.824963, 9.484061],
                        [33.963393, 9.464285]
                    ]
                ]
            }
        }]
    },
    "ISO": {
        "alpha2": "SS",
        "alpha3": "SSD"
    },
    "languages": ["en"],
    "latlng": [7, 30],
    "nativeName": "South Sudan",
    "population": 11384393,
    "provinces": ["Andalucia", "Aragon", "Asturias", "Baleares (Balearic Islands)", "Canarias (Canary Islands)", "Cantabria", "Castilla y Leon", "Castilla-La Mancha", "Cataluna", "Ceuta", "Communidad Valencian", "Extremadura", "Galicia", "Islas Chafarinas", "La Rioja", "Madrid", "Melilla", "Murcia", "Navarra", "Pais Vasco (Basque Country)", "Penon de Alhucemas", "Penon de Velez de la Gomera"],
    "region": "Africa",
    "subregion": "Middle Africa",
    "timezones": ["UTC+03:00"],
    "tld": [".ss"],
    "translations": {
        "de": "Südsudan",
        "es": "Sudán del Sur",
        "fr": "Soudan du Sud",
        "ja": "南スーダン",
        "it": "Sudan del sud"
    },
    "wiki": "http://en.wikipedia.org/wiki/spain"
}