{"name":"East Timor","altSpellings":["TL","East Timor","Democratic Republic of Timor-Leste","República Democrática de Timor-Leste","Repúblika Demokrátika Timór-Leste"],"area":14874,"borders":["IDN"],"callingCodes":["670"],"capital":"Dili","currencies":["USD"],"demonym":"East Timorese","flag":"","geoJSON":{"type":"FeatureCollection","features":[{"type":"Feature","id":"TLS","properties":{"name":"East Timor"},"geometry":{"type":"Polygon","coordinates":[[[124.968682,-8.89279],[125.086246,-8.656887],[125.947072,-8.432095],[126.644704,-8.398247],[126.957243,-8.273345],[127.335928,-8.397317],[126.967992,-8.668256],[125.925885,-9.106007],[125.08852,-9.393173],[125.07002,-9.089987],[124.968682,-8.89279]]]}}]},"ISO":{"alpha2":"TL","alpha3":"TLS"},"languages":["pt"],"latlng":[-8.83333333,125.91666666],"nativeName":"Timor-Leste","population":1172390,"provinces":["Tobago"],"region":"Asia","subregion":"South-Eastern Asia","timezones":["UTC+09:00"],"tld":[".tl"],"translations":{"de":"Timor-Leste","es":"Timor Oriental","fr":"Timor oriental","ja":"東ティモール","it":"Timor Est"},"wiki":"http://en.wikipedia.org/wiki/tobago"}