{"name":"Tokelau","altSpellings":["TK"],"area":12,"borders":[],"callingCodes":["690"],"capital":"Fakaofo","currencies":["NZD"],"demonym":"Tokelauan","flag":"","geoJSON":{},"ISO":{"alpha2":"TK","alpha3":"TKL"},"languages":["en"],"latlng":[-9,-172],"nativeName":"Tokelau","population":1411,"provinces":["Atafu","Fakaofo","Nukunonu"],"region":"Oceania","subregion":"Polynesia","timezones":null,"tld":[".tk"],"translations":{"de":"Tokelau","es":"Islas Tokelau","fr":"Tokelau","ja":"トケラウ","it":"Isole Tokelau"},"wiki":"http://en.wikipedia.org/wiki/tokelau"}