{"name":"Trinidad and Tobago","altSpellings":["TT","Republic of Trinidad and Tobago"],"area":5130,"borders":[],"callingCodes":["1868"],"capital":"Port of Spain","currencies":["TTD"],"demonym":"Trinidadian","flag":"","geoJSON":{"type":"FeatureCollection","features":[{"type":"Feature","id":"TTO","properties":{"name":"Trinidad and Tobago"},"geometry":{"type":"Polygon","coordinates":[[[-61.68,10.76],[-61.105,10.89],[-60.895,10.855],[-60.935,10.11],[-61.77,10],[-61.95,10.09],[-61.66,10.365],[-61.68,10.76]]]}}]},"ISO":{"alpha2":"TT","alpha3":"TTO"},"languages":["en"],"latlng":[11,-61],"nativeName":"Trinidad and Tobago","population":1328019,"provinces":["Arima","Caroni","Mayaro","Nariva","Port-of-Spain","Saint Andrew","Saint David","Saint George","Saint Patrick","San Fernando","Victoria"],"region":"Americas","subregion":"Caribbean","timezones":["UTC−04:00"],"tld":[".tt"],"translations":{"de":"Trinidad und Tobago","es":"Trinidad y Tobago","fr":"Trinité et Tobago","ja":"トリニダード・トバゴ","it":"Trinidad e Tobago"},"wiki":"http://en.wikipedia.org/wiki/trinidad"}