{"name":"Tunisia","altSpellings":["TN","Republic of Tunisia","al-Jumhūriyyah at-Tūnisiyyah"],"area":163610,"borders":["DZA","LBY"],"callingCodes":["216"],"capital":"Tunis","currencies":["TND"],"demonym":"Tunisian","flag":"","geoJSON":{"type":"FeatureCollection","features":[{"type":"Feature","id":"TUN","properties":{"name":"Tunisia"},"geometry":{"type":"Polygon","coordinates":[[[9.48214,30.307556],[9.055603,32.102692],[8.439103,32.506285],[8.430473,32.748337],[7.612642,33.344115],[7.524482,34.097376],[8.140981,34.655146],[8.376368,35.479876],[8.217824,36.433177],[8.420964,36.946427],[9.509994,37.349994],[10.210002,37.230002],[10.18065,36.724038],[11.028867,37.092103],[11.100026,36.899996],[10.600005,36.41],[10.593287,35.947444],[10.939519,35.698984],[10.807847,34.833507],[10.149593,34.330773],[10.339659,33.785742],[10.856836,33.76874],[11.108501,33.293343],[11.488787,33.136996],[11.432253,32.368903],[10.94479,32.081815],[10.636901,31.761421],[9.950225,31.37607],[10.056575,30.961831],[9.970017,30.539325],[9.48214,30.307556]]]}}]},"ISO":{"alpha2":"TN","alpha3":"TUN"},"languages":["ar"],"latlng":[34,9],"nativeName":"تونس","population":10982754,"provinces":["Ariana","Beja","Ben Arous","Bizerte","El Kef","Gabes","Gafsa","Jendouba","Kairouan","Kasserine","Kebili","Mahdia","Medenine","Monastir","Nabeul","Sfax","Sidi Bou Zid","Siliana","Sousse","Tataouine","Tozeur","Tunis","Zaghouan"],"region":"Africa","subregion":"Northern Africa","timezones":["UTC+01:00"],"tld":[".tn"],"translations":{"de":"Tunesien","es":"Túnez","fr":"Tunisie","ja":"チュニジア","it":"Tunisia"},"wiki":"http://en.wikipedia.org/wiki/tunisia"}