{"name":"Tuvalu","altSpellings":["TV"],"area":26,"borders":[],"callingCodes":["688"],"capital":"Funafuti","currencies":["AUD"],"demonym":"Tuvaluan","flag":"","geoJSON":{},"ISO":{"alpha2":"TV","alpha3":"TUV"},"languages":["en"],"latlng":[-8,178],"nativeName":"Tuvalu","population":11323,"provinces":["Tuvalu"],"region":"Oceania","subregion":"Polynesia","timezones":["UTC+12:00"],"tld":[".tv"],"translations":{"de":"Tuvalu","es":"Tuvalu","fr":"Tuvalu","ja":"ツバル","it":"Tuvalu"},"wiki":"http://en.wikipedia.org/wiki/tuvalu"}