{"name":"Uganda","altSpellings":["UG","Republic of Uganda","Jamhuri ya Uganda"],"area":241550,"borders":["COD","KEN","RWA","SSD","TZA"],"callingCodes":["256"],"capital":"Kampala","currencies":["UGX"],"demonym":"Ugandan","flag":"","geoJSON":{"type":"FeatureCollection","features":[{"type":"Feature","id":"UGA","properties":{"name":"Uganda"},"geometry":{"type":"Polygon","coordinates":[[[31.86617,-1.02736],[30.76986,-1.01455],[30.419105,-1.134659],[29.821519,-1.443322],[29.579466,-1.341313],[29.587838,-0.587406],[29.8195,-0.2053],[29.875779,0.59738],[30.086154,1.062313],[30.468508,1.583805],[30.85267,1.849396],[31.174149,2.204465],[30.77332,2.33989],[30.83385,3.50917],[31.24556,3.7819],[31.88145,3.55827],[32.68642,3.79232],[33.39,3.79],[34.005,4.249885],[34.47913,3.5556],[34.59607,3.05374],[35.03599,1.90584],[34.6721,1.17694],[34.18,0.515],[33.893569,0.109814],[33.903711,-0.95],[31.86617,-1.02736]]]}}]},"ISO":{"alpha2":"UG","alpha3":"UGA"},"languages":["en","sw"],"latlng":[1,32],"nativeName":"Uganda","population":34856813,"provinces":["Adjumani","Apac","Arua","Bugiri","Bundibugyo","Bushenyi","Busia","Gulu","Hoima","Iganga","Jinja","Kabale","Kabarole","Kalangala","Kampala","Kamuli","Kapchorwa","Kasese","Katakwi","Kibale","Kiboga","Kisoro","Kitgum","Kotido","Kumi","Lira","Luwero","Masaka","Masindi","Mbale","Mbarara","Moroto","Moyo","Mpigi","Mubende","Mukono","Nakasongola","Nebbi","Ntungamo","Pallisa","Rakai","Rukungiri","Sembabule","Soroti","Tororo"],"region":"Africa","subregion":"Eastern Africa","timezones":["UTC+03:00"],"tld":[".ug"],"translations":{"de":"Uganda","es":"Uganda","fr":"Uganda","ja":"ウガンダ","it":"Uganda"},"wiki":"http://en.wikipedia.org/wiki/uganda"}