{"name":"United Kingdom","altSpellings":["GB","UK","Great Britain"],"area":242900,"borders":["IRL"],"callingCodes":["44"],"capital":"London","currencies":["GBP"],"demonym":"British","flag":"","geoJSON":{"type":"FeatureCollection","features":[{"type":"Feature","id":"GBR","properties":{"name":"United Kingdom"},"geometry":{"type":"MultiPolygon","coordinates":[[[[-5.661949,54.554603],[-6.197885,53.867565],[-6.95373,54.073702],[-7.572168,54.059956],[-7.366031,54.595841],[-7.572168,55.131622],[-6.733847,55.17286],[-5.661949,54.554603]]],[[[-3.005005,58.635],[-4.073828,57.553025],[-3.055002,57.690019],[-1.959281,57.6848],[-2.219988,56.870017],[-3.119003,55.973793],[-2.085009,55.909998],[-2.005676,55.804903],[-1.114991,54.624986],[-0.430485,54.464376],[0.184981,53.325014],[0.469977,52.929999],[1.681531,52.73952],[1.559988,52.099998],[1.050562,51.806761],[1.449865,51.289428],[0.550334,50.765739],[-0.787517,50.774989],[-2.489998,50.500019],[-2.956274,50.69688],[-3.617448,50.228356],[-4.542508,50.341837],[-5.245023,49.96],[-5.776567,50.159678],[-4.30999,51.210001],[-3.414851,51.426009],[-3.422719,51.426848],[-4.984367,51.593466],[-5.267296,51.9914],[-4.222347,52.301356],[-4.770013,52.840005],[-4.579999,53.495004],[-3.093831,53.404547],[-3.09208,53.404441],[-2.945009,53.985],[-3.614701,54.600937],[-3.630005,54.615013],[-4.844169,54.790971],[-5.082527,55.061601],[-4.719112,55.508473],[-5.047981,55.783986],[-5.586398,55.311146],[-5.644999,56.275015],[-6.149981,56.78501],[-5.786825,57.818848],[-5.009999,58.630013],[-4.211495,58.550845],[-3.005005,58.635]]]]}}]},"ISO":{"alpha2":"GB","alpha3":"GBR"},"languages":["en"],"latlng":[54,-2],"nativeName":"United Kingdom","population":64105654,"provinces":["Barking and Dagenham","Barnet","Barnsley","Bath and North East Somerset","Bedfordshire","Bexley","Birmingham","Blackburn with Darwen","Blackpool","Bolton","Bournemouth","Bracknell Forest","Bradford","Brent","Brighton and Hove","Bromley","Buckinghamshire","Bury","Calderdale","Cambridgeshire","Camden","Cheshire","City of Bristol","City of Kingston upon Hull","City of London","Cornwall","Coventry","Croydon","Cumbria","Darlington","Derby","Derbyshire","Devon","Doncaster","Dorset","Dudley","Durham","Ealing","East Riding of Yorkshire","East Sussex","Enfield","Essex","Gateshead","Gloucestershire","Greenwich","Hackney","Halton","Hammersmith and Fulham","Hampshire","Haringey","Harrow","Hartlepool","Havering","Herefordshire","Hertfordshire","Hillingdon","Hounslow","Isle of Wight","Islington","Kensington and Chelsea","Kent","Kingston upon Thames","Kirklees","Knowsley","Lambeth","Lancashire","Leeds","Leicester","Leicestershire","Lewisham","Lincolnshire","Liverpool","Luton","Manchester","Medway","Merton","Middlesbrough","Milton Keynes","Newcastle upon Tyne","Newham","Norfolk","North East Lincolnshire","North Lincolnshire","North Somerset","North Tyneside","North Yorkshire","Northamptonshire","Northumberland","Nottingham","Nottinghamshire","Oldham","Oxfordshire","Peterborough","Plymouth","Poole","Portsmouth","Reading","Redbridge","Redcar and Cleveland","Richmond upon Thames","Rochdale","Rotherham","Rutland","Salford","Sandwell","Sefton","Sheffield","Shropshire","Slough","Solihull","Somerset","South Gloucestershire","South Tyneside","Southampton","Southend-on-Sea","Southwark","St. Helens","Staffordshire","Stockport","Stockton-on-Tees","Stoke-on-Trent","Suffolk","Sunderland","Surrey","Sutton","Swindon","Tameside","Telford and Wrekin","Thurrock","Torbay","Tower Hamlets","Trafford","Wakefield","Walsall","Waltham Forest","Wandsworth","Warrington","Warwickshire","West Berkshire","West Sussex","Westminster","Wigan","Wiltshire","Windsor and Maidenhead","Wirral","Wokingham","Wolverhampton","Worcestershire","York"],"region":"Europe","subregion":"Northern Europe","timezones":["UTC−08:00","UTC−05:00","UTC−04:00","UTC−03:00","UTC−02:00","UTC","UTC+01:00","UTC+02:00","UTC+06:00"],"tld":[".uk"],"translations":{"de":"Vereinigtes Königreich","es":"Reino Unido","fr":"Royaume-Uni","ja":"イギリス","it":"Regno Unito"},"wiki":"http://en.wikipedia.org/wiki/united_kingdom"}