{"name":"Vanuatu","altSpellings":["VU","Republic of Vanuatu","Ripablik blong Vanuatu","République de Vanuatu"],"area":12189,"borders":[],"callingCodes":["678"],"capital":"Port Vila","currencies":["VUV"],"demonym":"Ni-Vanuatu","flag":"","geoJSON":{"type":"FeatureCollection","features":[{"type":"Feature","id":"VUT","properties":{"name":"Vanuatu"},"geometry":{"type":"MultiPolygon","coordinates":[[[[167.844877,-16.466333],[167.515181,-16.59785],[167.180008,-16.159995],[167.216801,-15.891846],[167.844877,-16.466333]]],[[[167.107712,-14.93392],[167.270028,-15.740021],[167.001207,-15.614602],[166.793158,-15.668811],[166.649859,-15.392704],[166.629137,-14.626497],[167.107712,-14.93392]]]]}}]},"ISO":{"alpha2":"VU","alpha3":"VUT"},"languages":["bi","en","fr"],"latlng":[-16,167],"nativeName":"Vanuatu","population":264652,"provinces":["Malampa","Penama","Sanma","Shefa","Tafea","Torba"],"region":"Oceania","subregion":"Melanesia","timezones":["UTC+11:00"],"tld":[".vu"],"translations":{"de":"Vanuatu","es":"Vanuatu","fr":"Vanuatu","ja":"バヌアツ","it":"Vanuatu"},"wiki":"http://en.wikipedia.org/wiki/vanuatu"}