{"name":"Vietnam","altSpellings":["VN","Socialist Republic of Vietnam","Cộng hòa Xã hội chủ nghĩa Việt Nam"],"area":331212,"borders":["KHM","CHN","LAO"],"callingCodes":["84"],"capital":"Hanoi","currencies":["VND"],"demonym":"Vietnamese","flag":"","geoJSON":{"type":"FeatureCollection","features":[{"type":"Feature","id":"VNM","properties":{"name":"Vietnam"},"geometry":{"type":"Polygon","coordinates":[[[108.05018,21.55238],[106.715068,20.696851],[105.881682,19.75205],[105.662006,19.058165],[106.426817,18.004121],[107.361954,16.697457],[108.269495,16.079742],[108.877107,15.276691],[109.33527,13.426028],[109.200136,11.666859],[108.36613,11.008321],[107.220929,10.364484],[106.405113,9.53084],[105.158264,8.59976],[104.795185,9.241038],[105.076202,9.918491],[104.334335,10.486544],[105.199915,10.88931],[106.24967,10.961812],[105.810524,11.567615],[107.491403,12.337206],[107.614548,13.535531],[107.382727,14.202441],[107.564525,15.202173],[107.312706,15.908538],[106.556008,16.604284],[105.925762,17.485315],[105.094598,18.666975],[103.896532,19.265181],[104.183388,19.624668],[104.822574,19.886642],[104.435,20.758733],[103.203861,20.766562],[102.754896,21.675137],[102.170436,22.464753],[102.706992,22.708795],[103.504515,22.703757],[104.476858,22.81915],[105.329209,23.352063],[105.811247,22.976892],[106.725403,22.794268],[106.567273,22.218205],[107.04342,21.811899],[108.05018,21.55238]]]}}]},"ISO":{"alpha2":"VN","alpha3":"VNM"},"languages":["vi"],"latlng":[16.16666666,107.83333333],"nativeName":"Việt Nam","population":89708900,"provinces":["An Giang","Ba Ria-Vung Tau","Bac Giang","Bac Kan","Bac Lieu","Bac Ninh","Ben Tre","Binh Dinh","Binh Duong","Binh Phuoc","Binh Thuan","Ca Mau","Can Tho","Cao Bang","Da Nang","Dac Lak","Dong Nai","Dong Thap","Gia Lai","Ha Giang","Ha Nam","Ha Noi","Ha Tay","Ha Tinh","Hai Duong","Hai Phong","Ho Chi Minh","Hoa Binh","Hung Yen","Khanh Hoa","Kien Giang","Kon Tum","Lai Chau","Lam Dong","Lang Son","Lao Cai","Long An","Nam Dinh","Nghe An","Ninh Binh","Ninh Thuan","Phu Tho","Phu Yen","Quang Binh","Quang Nam","Quang Ngai","Quang Ninh","Quang Tri","Soc Trang","Son La","Tay Ninh","Thai Binh","Thai Nguyen","Thanh Hoa","Thua Thien-Hue","Tien Giang","Tra Vinh","Tuyen Quang","Vinh Long","Vinh Phuc","Yen Bai"],"region":"Asia","subregion":"South-Eastern Asia","timezones":["UTC+07:00"],"tld":[".vn"],"translations":{"de":"Vietnam","es":"Vietnam","fr":"Viêt Nam","ja":"ベトナム","it":"Vietnam"},"wiki":"http://en.wikipedia.org/wiki/vietnam"}