{"name":"Wallis and Futuna","altSpellings":["WF","Territory of the Wallis and Futuna Islands","Territoire des îles Wallis et Futuna"],"area":142,"borders":[],"callingCodes":["681"],"capital":"Mata-Utu","currencies":["XPF"],"demonym":"Wallis and Futuna Islander","flag":"","geoJSON":{},"ISO":{"alpha2":"WF","alpha3":"WLF"},"languages":["fr"],"latlng":[-13.3,-176.2],"nativeName":"Wallis et Futuna","population":13135,"provinces":["Alo","Sigave","Wallis"],"region":"Oceania","subregion":"Polynesia","timezones":null,"tld":[".wf"],"translations":{"de":"Wallis und Futuna","es":"Wallis y Futuna","fr":"Wallis-et-Futuna","ja":"ウォリス・フツナ","it":"Wallis e Futuna"},"wiki":"http://en.wikipedia.org/wiki/wallis_and_futuna"}