{"name":"Western Sahara","altSpellings":["EH","Taneẓroft Tutrimt"],"area":266000,"borders":["DZA","MRT","MAR"],"callingCodes":["212"],"capital":"El Aaiún","currencies":["MAD","DZD","MRO"],"demonym":"Sahrawi","flag":"","geoJSON":{"type":"FeatureCollection","features":[{"type":"Feature","id":"ESH","properties":{"name":"Western Sahara"},"geometry":{"type":"Polygon","coordinates":[[[-8.794884,27.120696],[-8.817828,27.656426],[-8.66559,27.656426],[-8.665124,27.589479],[-8.6844,27.395744],[-8.687294,25.881056],[-11.969419,25.933353],[-11.937224,23.374594],[-12.874222,23.284832],[-13.118754,22.77122],[-12.929102,21.327071],[-16.845194,21.333323],[-17.063423,20.999752],[-17.020428,21.42231],[-17.002962,21.420734],[-14.750955,21.5006],[-14.630833,21.86094],[-14.221168,22.310163],[-13.89111,23.691009],[-12.500963,24.770116],[-12.030759,26.030866],[-11.71822,26.104092],[-11.392555,26.883424],[-10.551263,26.990808],[-10.189424,26.860945],[-9.735343,26.860945],[-9.413037,27.088476],[-8.794884,27.120696]]]}}]},"ISO":{"alpha2":"EH","alpha3":"ESH"},"languages":["es"],"latlng":[24.5,-13],"nativeName":"الصحراء الغربية","population":586000,"provinces":["Western Sahara"],"region":"Africa","subregion":"Northern Africa","timezones":null,"tld":[".eh"],"translations":{"de":"Westsahara","es":"Sahara Occidental","fr":"Sahara Occidental","ja":"西サハラ","it":"Sahara Occidentale"},"wiki":"http://en.wikipedia.org/wiki/western_sahara"}